test1,user1,tuser1,metreos1,,,111,,,,
test2,user2,tuser2,metreos2,,,112,,,,
test3,user3,tuser3,metreos3,,,113,,,,
test4,user4,tuser4,metreos4,,,114,,,,
test5,user5,tuser5,metreos5,,,115,,,,
test6,user6,tuser6,metreos6,,,116,,,,
test7,user7,tuser7,metreos7,,,117,,,,
test8,user8,tuser8,metreos8,,,118,,,,
test9,user9,tuser9,metreos9,,,119,,,,
test10,user10,tuser10,metreos10,,,1110,,,,
test11,user11,tuser11,metreos11,,,1111,,,,
test12,user12,tuser12,metreos12,,,1112,,,,
test13,user13,tuser13,metreos13,,,1113,,,,
test14,user14,tuser14,metreos14,,,1114,,,,
test15,user15,tuser15,metreos15,,,1115,,,,
test16,user16,tuser16,metreos16,,,1116,,,,
test17,user17,tuser17,metreos17,,,1117,,,,
test18,user18,tuser18,metreos18,,,1118,,,,
test19,user19,tuser19,metreos19,,,1119,,,,
test20,user20,tuser20,metreos20,,,1120,,,,
test21,user21,tuser21,metreos21,,,1121,,,,
test22,user22,tuser22,metreos22,,,1122,,,,
test23,user23,tuser23,metreos23,,,1123,,,,
test24,user24,tuser24,metreos24,,,1124,,,,
test25,user25,tuser25,metreos25,,,1125,,,,
test26,user26,tuser26,metreos26,,,1126,,,,
test27,user27,tuser27,metreos27,,,1127,,,,
test28,user28,tuser28,metreos28,,,1128,,,,
test29,user29,tuser29,metreos29,,,1129,,,,
test30,user30,tuser30,metreos30,,,1130,,,,
test31,user31,tuser31,metreos31,,,1131,,,,
test32,user32,tuser32,metreos32,,,1132,,,,
test33,user33,tuser33,metreos33,,,1133,,,,
test34,user34,tuser34,metreos34,,,1134,,,,
test35,user35,tuser35,metreos35,,,1135,,,,
test36,user36,tuser36,metreos36,,,1136,,,,
test37,user37,tuser37,metreos37,,,1137,,,,
test38,user38,tuser38,metreos38,,,1138,,,,
test39,user39,tuser39,metreos39,,,1139,,,,
test40,user40,tuser40,metreos40,,,1140,,,,
test41,user41,tuser41,metreos41,,,1141,,,,
test42,user42,tuser42,metreos42,,,1142,,,,
test43,user43,tuser43,metreos43,,,1143,,,,
test44,user44,tuser44,metreos44,,,1144,,,,
test45,user45,tuser45,metreos45,,,1145,,,,
test46,user46,tuser46,metreos46,,,1146,,,,
test47,user47,tuser47,metreos47,,,1147,,,,
test48,user48,tuser48,metreos48,,,1148,,,,
test49,user49,tuser49,metreos49,,,1149,,,,
test50,user50,tuser50,metreos50,,,1150,,,,
test51,user51,tuser51,metreos51,,,1151,,,,
test52,user52,tuser52,metreos52,,,1152,,,,
test53,user53,tuser53,metreos53,,,1153,,,,
test54,user54,tuser54,metreos54,,,1154,,,,
test55,user55,tuser55,metreos55,,,1155,,,,
test56,user56,tuser56,metreos56,,,1156,,,,
test57,user57,tuser57,metreos57,,,1157,,,,
test58,user58,tuser58,metreos58,,,1158,,,,
test59,user59,tuser59,metreos59,,,1159,,,,
test60,user60,tuser60,metreos60,,,1160,,,,
test61,user61,tuser61,metreos61,,,1161,,,,
test62,user62,tuser62,metreos62,,,1162,,,,
test63,user63,tuser63,metreos63,,,1163,,,,
test64,user64,tuser64,metreos64,,,1164,,,,
test65,user65,tuser65,metreos65,,,1165,,,,
test66,user66,tuser66,metreos66,,,1166,,,,
test67,user67,tuser67,metreos67,,,1167,,,,
test68,user68,tuser68,metreos68,,,1168,,,,
test69,user69,tuser69,metreos69,,,1169,,,,
test70,user70,tuser70,metreos70,,,1170,,,,
test71,user71,tuser71,metreos71,,,1171,,,,
test72,user72,tuser72,metreos72,,,1172,,,,
test73,user73,tuser73,metreos73,,,1173,,,,
test74,user74,tuser74,metreos74,,,1174,,,,
test75,user75,tuser75,metreos75,,,1175,,,,
test76,user76,tuser76,metreos76,,,1176,,,,
test77,user77,tuser77,metreos77,,,1177,,,,
test78,user78,tuser78,metreos78,,,1178,,,,
test79,user79,tuser79,metreos79,,,1179,,,,
test80,user80,tuser80,metreos80,,,1180,,,,
test81,user81,tuser81,metreos81,,,1181,,,,
test82,user82,tuser82,metreos82,,,1182,,,,
test83,user83,tuser83,metreos83,,,1183,,,,
test84,user84,tuser84,metreos84,,,1184,,,,
test85,user85,tuser85,metreos85,,,1185,,,,
test86,user86,tuser86,metreos86,,,1186,,,,
test87,user87,tuser87,metreos87,,,1187,,,,
test88,user88,tuser88,metreos88,,,1188,,,,
test89,user89,tuser89,metreos89,,,1189,,,,
test90,user90,tuser90,metreos90,,,1190,,,,
test91,user91,tuser91,metreos91,,,1191,,,,
test92,user92,tuser92,metreos92,,,1192,,,,
test93,user93,tuser93,metreos93,,,1193,,,,
test94,user94,tuser94,metreos94,,,1194,,,,
test95,user95,tuser95,metreos95,,,1195,,,,
test96,user96,tuser96,metreos96,,,1196,,,,
test97,user97,tuser97,metreos97,,,1197,,,,
test98,user98,tuser98,metreos98,,,1198,,,,
test99,user99,tuser99,metreos99,,,1199,,,,
test100,user100,tuser100,metreos100,,,11100,,,,
test101,user101,tuser101,metreos101,,,11101,,,,
test102,user102,tuser102,metreos102,,,11102,,,,
test103,user103,tuser103,metreos103,,,11103,,,,
test104,user104,tuser104,metreos104,,,11104,,,,
test105,user105,tuser105,metreos105,,,11105,,,,
test106,user106,tuser106,metreos106,,,11106,,,,
test107,user107,tuser107,metreos107,,,11107,,,,
test108,user108,tuser108,metreos108,,,11108,,,,
test109,user109,tuser109,metreos109,,,11109,,,,
test110,user110,tuser110,metreos110,,,11110,,,,
test111,user111,tuser111,metreos111,,,11111,,,,
test112,user112,tuser112,metreos112,,,11112,,,,
test113,user113,tuser113,metreos113,,,11113,,,,
test114,user114,tuser114,metreos114,,,11114,,,,
test115,user115,tuser115,metreos115,,,11115,,,,
test116,user116,tuser116,metreos116,,,11116,,,,
test117,user117,tuser117,metreos117,,,11117,,,,
test118,user118,tuser118,metreos118,,,11118,,,,
test119,user119,tuser119,metreos119,,,11119,,,,
test120,user120,tuser120,metreos120,,,11120,,,,
test121,user121,tuser121,metreos121,,,11121,,,,
test122,user122,tuser122,metreos122,,,11122,,,,
test123,user123,tuser123,metreos123,,,11123,,,,
test124,user124,tuser124,metreos124,,,11124,,,,
test125,user125,tuser125,metreos125,,,11125,,,,
test126,user126,tuser126,metreos126,,,11126,,,,
test127,user127,tuser127,metreos127,,,11127,,,,
test128,user128,tuser128,metreos128,,,11128,,,,
test129,user129,tuser129,metreos129,,,11129,,,,
test130,user130,tuser130,metreos130,,,11130,,,,
test131,user131,tuser131,metreos131,,,11131,,,,
test132,user132,tuser132,metreos132,,,11132,,,,
test133,user133,tuser133,metreos133,,,11133,,,,
test134,user134,tuser134,metreos134,,,11134,,,,
test135,user135,tuser135,metreos135,,,11135,,,,
test136,user136,tuser136,metreos136,,,11136,,,,
test137,user137,tuser137,metreos137,,,11137,,,,
test138,user138,tuser138,metreos138,,,11138,,,,
test139,user139,tuser139,metreos139,,,11139,,,,
test140,user140,tuser140,metreos140,,,11140,,,,
test141,user141,tuser141,metreos141,,,11141,,,,
test142,user142,tuser142,metreos142,,,11142,,,,
test143,user143,tuser143,metreos143,,,11143,,,,
test144,user144,tuser144,metreos144,,,11144,,,,
test145,user145,tuser145,metreos145,,,11145,,,,
test146,user146,tuser146,metreos146,,,11146,,,,
test147,user147,tuser147,metreos147,,,11147,,,,
test148,user148,tuser148,metreos148,,,11148,,,,
test149,user149,tuser149,metreos149,,,11149,,,,
test150,user150,tuser150,metreos150,,,11150,,,,
test151,user151,tuser151,metreos151,,,11151,,,,
test152,user152,tuser152,metreos152,,,11152,,,,
test153,user153,tuser153,metreos153,,,11153,,,,
test154,user154,tuser154,metreos154,,,11154,,,,
test155,user155,tuser155,metreos155,,,11155,,,,
test156,user156,tuser156,metreos156,,,11156,,,,
test157,user157,tuser157,metreos157,,,11157,,,,
test158,user158,tuser158,metreos158,,,11158,,,,
test159,user159,tuser159,metreos159,,,11159,,,,
test160,user160,tuser160,metreos160,,,11160,,,,
test161,user161,tuser161,metreos161,,,11161,,,,
test162,user162,tuser162,metreos162,,,11162,,,,
test163,user163,tuser163,metreos163,,,11163,,,,
test164,user164,tuser164,metreos164,,,11164,,,,
test165,user165,tuser165,metreos165,,,11165,,,,
test166,user166,tuser166,metreos166,,,11166,,,,
test167,user167,tuser167,metreos167,,,11167,,,,
test168,user168,tuser168,metreos168,,,11168,,,,
test169,user169,tuser169,metreos169,,,11169,,,,
test170,user170,tuser170,metreos170,,,11170,,,,
test171,user171,tuser171,metreos171,,,11171,,,,
test172,user172,tuser172,metreos172,,,11172,,,,
test173,user173,tuser173,metreos173,,,11173,,,,
test174,user174,tuser174,metreos174,,,11174,,,,
test175,user175,tuser175,metreos175,,,11175,,,,
test176,user176,tuser176,metreos176,,,11176,,,,
test177,user177,tuser177,metreos177,,,11177,,,,
test178,user178,tuser178,metreos178,,,11178,,,,
test179,user179,tuser179,metreos179,,,11179,,,,
test180,user180,tuser180,metreos180,,,11180,,,,
test181,user181,tuser181,metreos181,,,11181,,,,
test182,user182,tuser182,metreos182,,,11182,,,,
test183,user183,tuser183,metreos183,,,11183,,,,
test184,user184,tuser184,metreos184,,,11184,,,,
test185,user185,tuser185,metreos185,,,11185,,,,
test186,user186,tuser186,metreos186,,,11186,,,,
test187,user187,tuser187,metreos187,,,11187,,,,
test188,user188,tuser188,metreos188,,,11188,,,,
test189,user189,tuser189,metreos189,,,11189,,,,
test190,user190,tuser190,metreos190,,,11190,,,,
test191,user191,tuser191,metreos191,,,11191,,,,
test192,user192,tuser192,metreos192,,,11192,,,,
test193,user193,tuser193,metreos193,,,11193,,,,
test194,user194,tuser194,metreos194,,,11194,,,,
test195,user195,tuser195,metreos195,,,11195,,,,
test196,user196,tuser196,metreos196,,,11196,,,,
test197,user197,tuser197,metreos197,,,11197,,,,
test198,user198,tuser198,metreos198,,,11198,,,,
test199,user199,tuser199,metreos199,,,11199,,,,
